key,firm,professionalID,certifications,link,key:user-account
auditor-01,ABC Auditing Firm,PRO-001,Certification 1,https://certification-link1.com,user-account-auditor-01
auditor-02,L,PRO-002,Certification 1,https://certification-link1.com,user-account-auditor-02
auditor-03,Lo,PRO-003,Certification 1,https://certification-link1.com,user-account-auditor-03
auditor-04,"Lorem ipsum dolor sit amet, consectetur adipiscing elit, sed do eiusmod te",PRO-004,Certification 1,https://certification-link1.com,user-account-auditor-04
auditor-05,"Lorem ipsum dolor sit amet, consectetur adipiscing elit, sed do eiusmod tem",PRO-005,Certification 1,https://certification-link1.com,user-account-auditor-05
auditor-06,ABC审计公司,PRO-006,Certification 1,https://certification-link1.com,user-account-auditor-06
auditor-07,شركة ABC للتدقيق,PRO-007,Certification 1,https://certification-link1.com,user-account-auditor-07
auditor-08,ABC監査法人,PRO-008,Certification 1,https://certification-link1.com,user-account-auditor-08
auditor-09,Аудиторская фирма АБС,PRO-010,Certification 1,https://certification-link1.com,user-account-auditor-09
auditor-10,"<script>alert(""alert!"")</script>",PRO-009,Certification 1,https://certification-link1.com,user-account-auditor-10
auditor-11,<h1>Example Heading</h1>,PRO-011,Certification 1,https://certification-link1.com,user-account-auditor-11
auditor-12,' OR '1,PRO-012,Certification 1,https://certification-link1.com,user-account-auditor-12
auditor-13,ABC Auditing Firm,L,Certification 1,https://certification-link1.com,user-account-auditor-13
auditor-14,ABC Auditing Firm,Lo,Certification 1,https://certification-link1.com,user-account-auditor-14
auditor-15,ABC Auditing Firm,Lorem ipsum dolor sit am,Certification 1,https://certification-link1.com,user-account-auditor-15
auditor-16,ABC Auditing Firm,Lorem ipsum dolor sit ame,Certification 1,https://certification-link1.com,user-account-auditor-16
auditor-17,ABC Auditing Firm,专业001,Certification 1,https://certification-link1.com,user-account-auditor-17
auditor-18,ABC Auditing Firm,المهنية 001,Certification 1,https://certification-link1.com,user-account-auditor-18
auditor-19,ABC Auditing Firm,プロフェッショナル001,Certification 1,https://certification-link1.com,user-account-auditor-19
auditor-20,ABC Auditing Firm,Профессионал 001,Certification 1,https://certification-link1.com,user-account-auditor-20
auditor-21,ABC Auditing Firm,<h1>Example Heading</h1>,Certification 1,https://certification-link1.com,user-account-auditor-21
auditor-22,ABC Auditing Firm,' OR '1,Certification 1,https://certification-link1.com,user-account-auditor-22
auditor-23,ABC Auditing Firm,PRO-013,L,https://certification-link1.com,user-account-auditor-23
auditor-24,ABC Auditing Firm,PRO-014,Lo,https://certification-link1.com,user-account-auditor-24
auditor-25,ABC Auditing Firm,PRO-015,"Lorem ipsum dolor sit amet, consectetur adipiscing elit, sed do eiusmod tempor incididunt ut labore",https://certification-link1.com,user-account-auditor-25
auditor-26,ABC Auditing Firm,PRO-016,"Lorem ipsum dolor sit amet, consectetur adipiscing elit, sed do eiusmod tempor incididunt ut labore*",https://certification-link1.com,user-account-auditor-26
auditor-27,ABC Auditing Firm,PRO-017,认证1,https://certification-link1.com,user-account-auditor-27
auditor-28,ABC Auditing Firm,PRO-018,شهادة 1,https://certification-link1.com,user-account-auditor-28
auditor-29,ABC Auditing Firm,PRO-019,認定 1,https://certification-link1.com,user-account-auditor-29
auditor-30,ABC Auditing Firm,PRO-020,Сертификация 1,https://certification-link1.com,user-account-auditor-30
auditor-31,ABC Auditing Firm,PRO-021,"<script>alert(""alert!"")</script>",https://certification-link1.com,user-account-auditor-31
auditor-32,ABC Auditing Firm,PRO-022,<h1>Example Heading</h1>,https://certification-link1.com,user-account-auditor-32
auditor-33,ABC Auditing Firm,PRO-023,' OR '1,https://certification-link1.com,user-account-auditor-33
auditor-34,ABC Auditing Firm,PRO-024,Certification 1,,user-account-auditor-34
auditor-35,ABC Auditing Firm,PRO-025,Certification 1,https://fillerURL.com/254characters/maxLength/aaaaaaaaaaaaaaaaaaaaaaaaaaaaaaaaaaaaaaaaaaaaaaaaaaaaaaaaaaaaaaaaaaaaaaaaaaaaaaaaaaaaaaaaaaaaaaaaaaaaaaaaaaaaaaaaaaaaaaaaaaaaaaaaaaaaaaaaaaaaaaaaaaaaaaaaaaaaaaaaaaaaaaaaaaaaaaaaaaaaaaaaaaaaaaaaaaaaaaaaaaaaaaaa,user-account-auditor-35
auditor-36,ABC Auditing Firm,PRO-026,Certification 1,https://fillerURL.com/255characters/maxLength/aaaaaaaaaaaaaaaaaaaaaaaaaaaaaaaaaaaaaaaaaaaaaaaaaaaaaaaaaaaaaaaaaaaaaaaaaaaaaaaaaaaaaaaaaaaaaaaaaaaaaaaaaaaaaaaaaaaaaaaaaaaaaaaaaaaaaaaaaaaaaaaaaaaaaaaaaaaaaaaaaaaaaaaaaaaaaaaaaaaaaaaaaaaaaaaaaaaaaaaaaaaaaaaaa,user-account-auditor-36
auditor-37,ABC Auditing Firm,PRO-027,Certification 1,ftp://example.com/certification,user-account-auditor-37
auditor-38,ABC Auditing Firm,PRO-028,Certification 1,https://example.com/certification/otherpage?utm_source=google&utm_medium=cpc,user-account-auditor-38
auditor-39,ABC Auditing Firm,PRO-029,Certification 1,http://example.com/claim#section-1,user-account-auditor-39
auditor-40,ABC Auditing Firm,PRO-030,Certification 1,https://www.example.com/example_page?,user-account-auditor-40
auditor-41,ABC Auditing Firm,PRO-031,Certification 1,https://www.example.com/example_page?activo=true,user-account-auditor-41
