key,code,instantiation-moment,provider-name,customer-name,goals,budget,published,key:project,key:client
contract-01,DAN-001,2022/04/03 00:00,José Pérez,Francisco Muñoz,Algunas de nuestras metas son...,EUR 10000,false,project-01,client-01
contract-02,AAA-000,2022/04/03 00:00,José Pérez,Francisco Muñoz,Algunas de nuestras metas son...,EUR 10000,false,project-01,client-01
contract-03,A-000,2022/04/03 00:00,José Pérez,Francisco Muñoz,Algunas de nuestras metas son...,EUR 10000,false,project-01,client-01
contract-04,AB-000,2022/04/03 00:00,José Pérez,Francisco Muñoz,Algunas de nuestras metas son...,EUR 10000,false,project-01,client-01
contract-05,ZZZ-999,2022/04/03 00:00,José Pérez,Francisco Muñoz,Algunas de nuestras metas son...,EUR 10000,false,project-01,client-01
contract-06,DAN-002,2022/07/30 00:00,José Pérez,Francisco Muñoz,Algunas de nuestras metas son...,EUR 10000,false,project-01,client-01
contract-07,DAN-003,2022/07/29 23:59,José Pérez,Francisco Muñoz,Algunas de nuestras metas son...,EUR 10000,false,project-01,client-01
contract-08,DAN-004,2000/01/01 00:00,José Pérez,Francisco Muñoz,Algunas de nuestras metas son...,EUR 10000,false,project-01,client-01
contract-09,DAN-005,2000/01/01 00:01,José Pérez,Francisco Muñoz,Algunas de nuestras metas son...,EUR 10000,false,project-01,client-01
contract-10,DAN-006,2021/12/31 23:59,José Pérez,Francisco Muñoz,Algunas de nuestras metas son...,EUR 10000,false,project-01,client-01
contract-11,DAN-007,2020/02/29 21:39,José Pérez,Francisco Muñoz,Algunas de nuestras metas son...,EUR 10000,false,project-01,client-01
contract-12,DAN-008,2022/04/03 00:00,"Nombre en comillas",Francisco Muñoz,Algunas de nuestras metas son...,EUR 10000,false,project-01,client-01
contract-13,DAN-009,2022/04/03 00:00,A,Francisco Muñoz,Algunas de nuestras metas son...,EUR 10000,false,project-01,client-01
contract-14,DAN-010,2022/04/03 00:00,AA,Francisco Muñoz,Algunas de nuestras metas son...,EUR 10000,false,project-01,client-01
contract-15,DAN-011,2022/04/03 00:00,Filler  title of project to reach seventy five characters in attribute name,Francisco Muñoz,Algunas de nuestras metas son...,EUR 10000,false,project-01,client-01
contract-16,DAN-012,2022/04/03 00:00,Filler  title of project to reach seventy four characters in attribute nam,Francisco Muñoz,Algunas de nuestras metas son...,EUR 10000,false,project-01,client-01
contract-17,DAN-013,2022/04/03 00:00,貸んい建濯よ芝弾テソ,Francisco Muñoz,Algunas de nuestras metas son...,EUR 10000,false,project-01,client-01
contract-18,DAN-014,2022/04/03 00:00,Λορεμ ιπσθμ δολορ,Francisco Muñoz,Algunas de nuestras metas son...,EUR 10000,false,project-01,client-01
contract-19,DAN-015,2022/04/03 00:00,<script> window.location = ‘https://example.com’; </script>,Francisco Muñoz,Algunas de nuestras metas son...,EUR 10000,false,project-01,client-01
contract-20,DAN-016,2022/04/03 00:00,José Pérez,B,Algunas de nuestras metas son...,EUR 10000,false,project-01,client-01
contract-21,DAN-017,2022/04/03 00:00,José Pérez,BB,Algunas de nuestras metas son...,EUR 10000,false,project-01,client-01
contract-22,DAN-018,2022/04/03 00:00,José Pérez,"Nombre en comillas",Algunas de nuestras metas son...,EUR 10000,false,project-01,client-01
contract-23,DAN-019,2022/04/03 00:00,José Pérez,Filler  title of project to reach seventy five characters in attribute name,Algunas de nuestras metas son...,EUR 10000,false,project-01,client-01
contract-24,DAN-020,2022/04/03 00:00,José Pérez,Filler  title of project to reach seventy four characters in attribute nam,Algunas de nuestras metas son...,EUR 10000,false,project-01,client-01
contract-25,DAN-021,2022/04/03 00:00,José Pérez,貸んい建濯よ芝弾テソ,Algunas de nuestras metas son...,EUR 10000,false,project-01,client-01
contract-26,DAN-022,2022/04/03 00:00,José Pérez,<script> window.location = ‘https://example.com’; </script>,Algunas de nuestras metas son...,EUR 10000,false,project-01,client-01
contract-27,DAN-023,2022/04/03 00:00,José Pérez,Francisco Muñoz,Z,EUR 10000,false,project-01,client-01
contract-28,DAN-024,2022/04/03 00:00,José Pérez,Francisco Muñoz,ZZ,EUR 10000,false,project-01,client-01
contract-29,DAN-025,2022/04/03 00:00,José Pérez,Francisco Muñoz,Filler abstract to reach one hundred (100) characters in the attribute called as abstractDescription,EUR 10000,false,project-01,client-01
contract-30,DAN-026,2022/04/03 00:00,José Pérez,Francisco Muñoz,Filler abstract to reach one hundred (99) characters in the attribute called as abstractDescription,EUR 10000,false,project-01,client-01
contract-31,DAN-027,2022/04/03 00:00,José Pérez,Francisco Muñoz,"Algunas de nuestras metas entre comillas son...",EUR 10000,false,project-01,client-01
contract-32,DAN-028,2022/04/03 00:00,José Pérez,Francisco Muñoz,貸んい建濯よ芝弾テソ,EUR 10000,false,project-01,client-01
contract-33,DAN-029,2022/04/03 00:00,José Pérez,Francisco Muñoz,<script> window.location = ‘https://example.com’; </script>,EUR 10000,false,project-01,client-01
contract-34,DAN-030,2022/04/03 00:00,José Pérez,Francisco Muñoz,Algunas de nuestras metas son...,EUR 0.00,false,project-01,client-01
contract-35,DAN-031,2022/04/03 00:00,José Pérez,Francisco Muñoz,Algunas de nuestras metas son...,EUR 0.01,false,project-01,client-01
contract-36,DAN-032,2022/04/03 00:00,José Pérez,Francisco Muñoz,Algunas de nuestras metas son...,EUR 1000000.00,false,project-01,client-01
contract-37,DAN-033,2022/04/03 00:00,José Pérez,Francisco Muñoz,Algunas de nuestras metas son...,EUR 999999.99,false,project-01,client-01
contract-38,DAN-034,2022/04/03 00:00,José Pérez,Francisco Muñoz,Algunas de nuestras metas son...,USD 5000.50,false,project-01,client-01
contract-39,DAN-035,2022/04/03 00:00,José Pérez,Francisco Muñoz,Algunas de nuestras metas son...,EUR 10000,true,project-01,client-01
contract-40,DAN-036,2022/04/03 00:00,José Pérez,Francisco Muñoz,Algunas de nuestras metas son...,EUR 10000,false,project-02,client-01
contract-41,DAN-037,2022/04/03 00:00,José Pérez,Francisco Muñoz,Algunas de nuestras metas son...,EUR 10000,false,project-03,client-01
contract-42,DAN-038,2022/04/03 00:00,José Pérez,Francisco Muñoz,Algunas de nuestras metas son...,EUR 10000,false,project-01,client-02