key,degree,skills-list,specialisation,link,key:user-account
developer-01,Degree 1,Skill 1,Specialisation 1,https://link1.com,user-account-developer-01
developer-02,Degree 1,Skill 1,"Specialisation 1, Specialisation 2",https://link1.com,user-account-developer-02
developer-03,a,Skill 1,Specialisation 1,https://link1.com,user-account-developer-03
developer-04,Filler degree to reach seventy five character in the attribute of developer,Skill1,Certification 1,https://link1.com,user-account-developer-04
developer-05,Λορεμ ιπσθμ δολορ σιτ αμετ,Skill 1,Specialisation,https://link1.com,user-account-developer-05
developer-06,<script> window.location = ‘https://example.com’; </script>,Skill 1,Specialisation 1,https://link1.com,user-account-developer-06
developer-07,Degree 1,a,Specialisation 1,https://link1.com,user-account-developer-07
developer-08,Degree 1,Filler overview to reach one hundred (100) characters in the so-called attribute Skills of developer,Certification 1,https://link1.com,user-account-developer-08
developer-09,Degree 1,貸んい建濯よ芝弾テソ,Specialisation 1,https://link1.com,user-account-developer-09
developer-10,Degree 1,<script> window.location = ‘https://example.com’; </script>,Specialisation 1,https://link1.com,user-account-developer-10
developer-11,Degree 1,Skill 1,a,https://link1.com,user-account-developer-11
developer-12,Degree 1,Skill 1,"Specialisation 1 Specialisation 2 Specialisation 3 Specialisation 4 Specialisation 5 Specialisatio",https://link1.com,user-account-developer-12
developer-13,Degree 1,Skill 1,貸んい建濯よ芝弾テソ,https://link1.com,user-account-developer-13
developer-14,Degree 1,Skill 1,<script> window.location = ‘https://example.com’; </script>,https://link1.com,user-account-developer-14
developer-15,Degree 1,Skill 1,Specialisation 1,,user-account-developer-15
developer-16,Degree 1,Skill 1,Specialisation 1,https://fillerURL.com/255characters/maxLength/aaaaaaaaaaaaaaaaaaaaaaaaaaaaaaaaaaaaaaaaaaaaaaaaaaaaaaaaaaaaaaaaaaaaaaaaaaaaaaaaaaaaaaaaaaaaaaaaaaaaaaaaaaaaaaaaaaaaaaaaaaaaaaaaaaaaaaaaaaaaaaaaaaaaaaaaaaaaaaaaaaaaaaaaaaaaaaaaaaaaaaaaaaaaaaaaaaaaaaaaaaaaaaaaa,user-account-developer-16