key,code,registration-time,due-date,quantity,tax,link,key:sponsorship
invoice-01,IN-1234-1234,2022/07/29 00:00,2023/08/06 00:00,EUR 20000.00,0.21,https://sample.com,sponsorship-01
invoice-02,IN-1235-1235,2020/02/28 23:59,2023/08/06 00:00,EUR 20000.00,0.21,https://sample.com,sponsorship-01
invoice-03,IN-1236-1236,2021/12/31 12:00,2023/08/06 00:00,EUR 20000.00,0.21,https://sample.com,sponsorship-01
invoice-04,IN-1237-1237,2022/07/29 23:59,2023/08/06 00:00,EUR 20000.00,0.21,https://sample.com,sponsorship-01
invoice-05,IN-1238-1238,2022/07/30 00:00,2023/08/06 00:00,EUR 20000.00,0.21,https://sample.com,sponsorship-01
invoice-06,IN-1239-1239,2022/07/29 00:00,2024/02/29 00:00,EUR 20000.00,0.21,https://sample.com,sponsorship-01
invoice-07,IN-1200-1200,2022/07/29 00:00,2023/12/31 23:59,EUR 20000.00,0.21,https://sample.com,sponsorship-01
invoice-08,IN-1130-1130,2022/07/29 00:00,2022/08/29 00:00,EUR 20000.00,0.21,https://sample.com,sponsorship-01
invoice-09,IN-2234-1234,2022/07/29 00:00,2022/08/29 00:01,EUR 20000.00,0.21,https://sample.com,sponsorship-01
invoice-10,IN-1233-1233,2022/07/29 00:00,2023/08/06 00:00,EUR 0.00,0.21,https://sample.com,sponsorship-01
invoice-11,IN-1232-1232,2022/07/29 00:00,2023/08/06 00:00,USD 20000.50,0.21,https://sample.com,sponsorship-01
invoice-12,IN-1231-1231,2022/07/29 00:00,2023/08/06 00:00,CAD 1000000.50,0.21,https://sample.com,sponsorship-01
invoice-13,IN-1230-1230,2022/07/29 00:00,2023/08/06 00:00,THB 3000000.50,0.21,https://sample.com,sponsorship-01
invoice-14,IN-1229-1229,2022/07/29 00:00,2023/08/06 00:00,BGP 9000000000.00,0.21,https://sample.com,sponsorship-01
invoice-15,IN-2134-1234,2022/07/29 00:00,2023/08/06 00:00,EUR 20000.00,0.00,https://sample.com,sponsorship-01
invoice-16,IN-3234-1234,2022/07/29 00:00,2023/08/06 00:00,EUR 20000.00,0.01,https://sample.com,sponsorship-01
invoice-17,IN-4234-1234,2022/07/29 00:00,2023/08/06 00:00,EUR 20000.00,0.99,https://sample.com,sponsorship-01
invoice-18,IN-5234-1234,2022/07/29 00:00,2023/08/06 00:00,EUR 20000.00,1.00,https://sample.com,sponsorship-01
invoice-19,IN-6234-1234,2022/07/29 00:00,2023/08/06 00:00,EUR 20000.00,0.21,ftp://example.com/image.jpg,sponsorship-01
invoice-20,IN-7234-1234,2022/07/29 00:00,2023/08/06 00:00,EUR 20000.00,0.21,https://example.com/abcdefghijklmnopqrstuvwxyzabcdefghijklmnopqrstuvwxyzabcdefghijklmno.jpg,sponsorship-01
invoice-21,IN-8234-1234,2022/07/29 00:00,2023/08/06 00:00,EUR 20000.00,0.21,http://sample.com?service=mail,sponsorship-01
invoice-22,IN-9234-1234,2022/07/29 00:00,2023/08/06 00:00,EUR 20000.00,0.21,https://sample.com,sponsorship-02
invoice-23,IN-1234-2234,2022/07/29 00:00,2023/08/06 00:00,EUR 20000.00,0.21,https://sample.com,sponsorship-03
invoice-24,IN-9999-9999,2022/07/29 00:00,2023/08/06 00:00,EUR 20000.00,0.21,https://sample.com,sponsorship-01
invoice-25,IN-0000-0000,2022/07/29 00:00,2023/08/06 00:00,EUR 20000.00,0.21,https://sample.com,sponsorship-01