key,degree,overview,certifications,link,key:user-account
manager-01,Degree 1,Overview 1,Certification 1,https://link1.com,user-account-manager-01
manager-02,Degree 1,Overview 1,"Certification 1, Certification 2",https://link1.com,user-account-manager-02
manager-03,a,Overview 1,Certification 1,https://link1.com,user-account-manager-03
manager-04,Filler degree to reach seventy five characters in the attribute of manager.,Overview 1,Certification 1,https://link1.com,user-account-manager-04
manager-05,Λορεμ ιπσθμ δολορ σιτ αμετ,Overview 1,Certification 1,https://link1.com,user-account-manager-05
manager-06,<script> window.location = ‘https://example.com’; </script>,Overview 1,Certification 1,https://link1.com,user-account-manager-06
manager-07,Degree 1,a,Certification 1,https://link1.com,user-account-manager-07
manager-08,Degree 1,Filler overview to reach one hundred (100) characters in the so-called attribute overview of manager,Certification 1,https://link1.com,user-account-manager-08
manager-09,Degree 1,貸んい建濯よ芝弾テソ,Certification 1,https://link1.com,user-account-manager-09
manager-10,Degree 1,<script> window.location = ‘https://example.com’; </script>,Certification 1,https://link1.com,user-account-manager-10
manager-11,Degree 1,Overview 1,a,https://link1.com,user-account-manager-11
manager-12,Degree 1,Overview 1,"Certification 1, Certification 2, Certification 3, Certification 4, Certification 5, Certification 6",https://link1.com,user-account-manager-12
manager-13,Degree 1,Overview 1,貸んい建濯よ芝弾テソ,https://link1.com,user-account-manager-13
manager-14,Degree 1,Overview 1,<script> window.location = ‘https://example.com’; </script>,https://link1.com,user-account-manager-14
manager-15,Degree 1,Overview 1,Certification 1,,user-account-manager-15
manager-16,Degree 1,Overview 1,Certification 1,https://fillerURL.com/255characters/maxLength/aaaaaaaaaaaaaaaaaaaaaaaaaaaaaaaaaaaaaaaaaaaaaaaaaaaaaaaaaaaaaaaaaaaaaaaaaaaaaaaaaaaaaaaaaaaaaaaaaaaaaaaaaaaaaaaaaaaaaaaaaaaaaaaaaaaaaaaaaaaaaaaaaaaaaaaaaaaaaaaaaaaaaaaaaaaaaaaaaaaaaaaaaaaaaaaaaaaaaaaaaaaaaaaaa,user-account-manager-16