key,instantiationMoment,title,message,email,link,author
notice-01,2000/01/01 00:00,Test title,This is a test notice,johndoe@gmail.com,https://google.com,John Doe
notice-02,2000/01/01 00:01,Test title,This is a test notice,johndoe@gmail.com,https://google.com,John Doe
notice-03,2022/07/29 23:59,Test title,This is a test notice,johndoe@gmail.com,https://google.com,John Doe
notice-04,2022/07/30 00:00,Test title,This is a test notice,johndoe@gmail.com,https://google.com,John Doe
notice-05,2020/02/29 00:00,Test title,This is a test notice,johndoe@gmail.com,https://google.com,John Doe
notice-06,2021/12/31 23:59,Test title,This is a test notice,johndoe@gmail.com,https://google.com,John Doe
notice-07,2022/01/01 00:00,Test title,This is a test notice,johndoe@gmail.com,https://google.com,John Doe
notice-08,2022/01/01 00:00,T,This is a test notice,johndoe@gmail.com,https://google.com,John Doe
notice-09,2022/01/01 00:00,Te,This is a test notice,johndoe@gmail.com,https://google.com,John Doe
notice-10,2022/01/01 00:00,abcdefghijklmnopqrstuvwxyzabcdefghijklmnopqrstuvwxyzabcdefghijklmnopqrstuv,This is a test notice,johndoe@gmail.com,https://google.com,John Doe
notice-11,2022/01/01 00:00,abcdefghijklmnopqrstuvwxyzabcdefghijklmnopqrstuvwxyzabcdefghijklmnopqrstuvw,This is a test notice,johndoe@gmail.com,https://google.com,John Doe
notice-12,2021/02/13 19:39,это текстовое сообщение,This is a test notice,johndoe@gmail.com,https://google.com,John Doe
notice-13,2021/02/13 19:39,هذه رسالة نصية,This is a test notice,johndoe@gmail.com,https://google.com,John Doe
notice-14,2021/02/13 19:39,यह एक टेक्स्ट संदेश है,This is a test notice,johndoe@gmail.com,https://google.com,John Doe
notice-15,2021/02/13 19:39,这是一条短信,This is a test notice,johndoe@gmail.com,https://google.com,John Doe
notice-16,2021/02/13 19:39,これはテキストメッセージです,This is a test notice,johndoe@gmail.com,https://google.com,John Doe
notice-17,2000/01/01 00:00,Test title,T,johndoe@gmail.com,https://google.com,John Doe
notice-18,2000/01/01 00:00,Test title,Th,johndoe@gmail.com,https://google.com,John Doe
notice-19,2000/01/01 00:00,Test title,abcdefghijklmnopqrstuvwxyzabcdefghijklmnopqrstuvwxyzabcdefghijklmnopqrstuvwxyzabcdefghijklmopqrstuv,johndoe@gmail.com,https://google.com,John Doe
notice-20,2000/01/01 00:00,Test title,abcdefghijklmnopqrstuvwxyzabcdefghijklmnopqrstuvwxyzabcdefghijklmnopqrstuvwxyzabcdefghijklmopqrstuvw,johndoe@gmail.com,https://google.com,John Doe
notice-21,2021/02/13 19:39,Test title,это текстовое сообщение,johndoe@gmail.com,https://google.com,John Doe
notice-22,2021/02/13 19:39,Test title,هذه رسالة نصية,johndoe@gmail.com,https://google.com,John Doe
notice-23,2021/02/13 19:39,Test title,यह एक टेक्स्ट संदेश है,johndoe@gmail.com,https://google.com,John Doe
notice-24,2021/02/13 19:39,Test title,这是一条短信,johndoe@gmail.com,https://google.com,John Doe
notice-25,2021/02/13 19:39,Test title,これはテキストメッセージです,johndoe@gmail.com,https://google.com,John Doe
notice-26,2021/02/13 19:39,Test title,This is a test notice,johndoe@gmail.com,https://google.com,John Doe
notice-27,2021/02/13 19:39,Test title,console.log("This is a test notice!");,johndoe@gmail.com,https://google.com,John Doe
notice-28,2021/02/13 19:39,Test title,<title>This is a test notice</title>,johndoe@gmail.com,https://google.com,John Doe
notice-29,2021/02/13 19:39,Test title,This is a test notice,,https://google.com,John Doe
notice-30,2021/02/13 19:39,Test title,This is a test notice,a@g.com,https://google.com,John Doe
notice-31,2021/02/13 19:39,Test title,This is a test notice,ab@gm.com,https://google.com,John Doe
notice-32,2021/02/13 19:39,Test title,This is a test notice,thequickbrownfoxjumpsoverthelazydogloremipsumdolorsitametconsec@g.com,https://google.com,John Doe
notice-33,2021/02/13 19:39,Test title,This is a test notice,thequickbrownfoxjumpsoverthelazydogloremipsumdolorsitametconsect@gm.com,https://google.com,John Doe
notice-34,2021/02/13 19:39,Test title,This is a test notice,johndoe@yahoo.com,,John Doe
notice-35,2021/02/13 19:39,Test title,This is a test notice,johndoe@yahoo.com,https://goo?gle.com,John Doe
notice-36,2021/02/13 19:39,Test title,This is a test notice,johndoe@yahoo.com,https://example.com/abcdefghijklmnopqrstuvwxyzabcdefghijklmnopqrstuvwxyzabcdefghijklmnopqrstuvwxyzabcdefghijklmnopqrstuvwxyzabcdefghijklmnopqrstuvwxyzabcdefghijklmnopqrstuvwxyzabcdefghijklmnopqrstuvwxyzabcdefghijklmnopqrstuvwxyzabcdefghijklmnopqrstuvwxyz,John Doe
notice-37,2021/02/13 19:39,Test title,This is a test notice,johndoe@yahoo.com,https://example.com/abcdefghijklmnopqrstuvwxyzabcdefghijklmnopqrstuvwxyzabcdefghijklmnopqrstuvwxyzabcdefghijklmnopqrstuvwxyzabcdefghijklmnopqrstuvwxyzabcdefghijklmnopqrstuvwxyzabcdefghijklmnopqrstuvwxyzabcdefghijklmnopqrstuvwxyzabcdefghijklmnopqrstuvwxyza,John Doe
notice-38,2021/02/13 19:39,Test title,This is a test notice,johndoe@yahoo.com,https://google.com,J
notice-39,2021/02/13 19:39,Test title,This is a test notice,johndoe@yahoo.com,https://google.com,Jo
notice-40,2021/02/13 19:39,Test title,This is a test notice,johndoe@yahoo.com,https://google.com,abcdefghijklmnopqrstuvwxyzabcdefghijklmnopqrstuvwxyzabcdefghijklmnopqrstuv
notice-41,2021/02/13 19:39,Test title,This is a test notice,johndoe@yahoo.com,https://google.com,abcdefghijklmnopqrstuvwxyzabcdefghijklmnopqrstuvwxyzabcdefghijklmnopqrstuvw