key,instantiation-moment,title,description,priority,critical,start-date,end-date,link
objective-01,2022/04/03 00:00,Title 1,This is a description,LOW,true,2022/11/11 10:35,2022/12/09 08:00,https://link1.com
objective-02,2022/07/30 00:00,Title 1,This is a description,LOW,true,2022/11/11 10:35,2022/12/09 08:00,https://link1.com
objective-03,2022/07/29 23:59,Title 1,This is a description,LOW,true,2022/11/11 10:35,2022/12/09 08:00,https://link1.com
objective-04,2000/01/01 00:00,Title 1,This is a description,LOW,true,2022/11/11 10:35,2022/12/09 08:00,https://link1.com
objective-05,2000/01/01 00:01,Title 1,This is a description,LOW,true,2022/11/11 10:35,2022/12/09 08:00,https://link1.com
objective-06,2020/02/29 10:00,Title 1,This is a description,LOW,true,2022/11/11 10:35,2022/12/09 08:00,https://link1.com
objective-07,2020/12/31 23:59,Title 1,This is a description,LOW,true,2022/11/11 10:35,2022/12/09 08:00,https://link1.com
objective-08,2022/04/03 00:00,A,This is a description,LOW,true,2022/11/11 10:35,2022/12/09 08:00,https://link1.com
objective-09,2022/04/03 00:00,AA,This is a description,LOW,true,2022/11/11 10:35,2022/12/09 08:00,https://link1.com
objective-10,2022/04/03 00:00,Filler title of project to reach seventy five characters in attribute title,This is a description,LOW,true,2022/11/11 10:35,2022/12/09 08:00,https://link1.com
objective-11,2022/04/03 00:00,Filler title of project to reach seventy four characters in attribute title,This is a description,LOW,true,2022/11/11 10:35,2022/12/09 08:00,https://link1.com
objective-13,2022/04/03 00:00,貸んい建濯よ芝弾テソ,This is a description,LOW,true,2022/11/11 10:35,2022/12/09 08:00,https://link1.com
objective-14,2022/04/03 00:00,Λορεμ ιπσθμ δολορ,This is a description,LOW,true,2022/11/11 10:35,2022/12/09 08:00,https://link1.com
objective-15,2022/04/03 00:00,<script> window.location = ‘https://example.com’; </script>,This is a description,LOW,true,2022/11/11 10:35,2022/12/09 08:00,https://link1.com
objective-12,2022/04/03 00:00,' OR '1,This is a description,LOW,true,2022/11/11 10:35,2022/12/09 08:00,https://link1.com
objective-16,2022/04/03 00:00,Title 1,B,LOW,true,2022/11/11 10:35,2022/12/09 08:00,https://link1.com
objective-17,2022/04/03 00:00,Title 1,BB,LOW,true,2022/11/11 10:35,2022/12/09 08:00,https://link1.com
objective-18,2022/04/03 00:00,Title 1,Filler abstract to reach one hundred (100) characters in the attribute called as abstractDescription,LOW,true,2022/11/11 10:35,2022/12/09 08:00,https://link1.com
objective-19,2022/04/03 00:00,Title 1,Filler abstract to reach one hundred (99) characters in the attribute called as abstractDescription,LOW,true,2022/11/11 10:35,2022/12/09 08:00,https://link1.com
objective-21,2022/04/03 00:00,Title 1,貸んい建濯よ芝弾テソ,LOW,true,2022/11/11 10:35,2022/12/09 08:00,https://link1.com
objective-22,2022/04/03 00:00,Title 1,<script> window.location = ‘https://example.com’; </script>,LOW,true,2022/11/11 10:35,2022/12/09 08:00,https://link1.com
objective-20,2022/04/03 00:00,Title 1,' OR '1,LOW,true,2022/11/11 10:35,2022/12/09 08:00,https://link1.com
objective-23,2022/04/03 00:00,Title 1,Λορεμ ιπσθμ δολορ,LOW,true,2022/11/11 10:35,2022/12/09 08:00,https://link1.com
objective-24,2022/04/03 00:00,Title 1,This is a description,HIGH,true,2022/11/11 10:35,2022/12/09 08:00,https://link1.com
objective-25,2022/04/03 00:00,Title 1,This is a description,MEDIUM,true,2022/11/11 10:35,2022/12/09 08:00,https://link1.com
objective-26,2022/04/03 00:00,Title 1,This is a description,LOW,false,2022/11/11 10:35,2022/12/09 08:00,https://link1.com
objective-27,2022/04/03 00:00,Title 1,This is a description,LOW,true,2022/07/30 00:01,2022/12/09 08:00,https://link1.com
objective-28,2022/04/03 00:00,Title 1,This is a description,LOW,true,2022/07/30 00:02,2022/12/09 08:00,https://link1.com
objective-29,2022/04/03 00:00,Title 1,This is a description,LOW,true,2200/12/31 22:59,2200/12/31 23:59,https://link1.com
objective-30,2022/04/03 00:00,Title 1,This is a description,LOW,true,2200/12/31 22:58,2200/12/31 23:58,https://link1.com
objective-31,2022/04/03 00:00,Title 1,This is a description,LOW,true,2022/07/30 00:01,2022/07/30 01:01,https://link1.com
objective-32,2022/04/03 00:00,Title 1,This is a description,LOW,true,2022/07/30 00:02,2022/07/30 01:02,https://link1.com
objective-33,2022/04/03 00:00,Title 1,This is a description,LOW,true,2022/11/11 10:35,2022/12/09 08:00,
objective-34,2022/04/03 00:00,Title 1,This is a description,LOW,true,2022/11/11 10:35,2022/12/09 08:00,https://fillerURL.com/255characters/maxLength/aaaaaaaaaaaaaaaaaaaaaaaaaaaaaaaaaaaaaaaaaaaaaaaaaaaaaaaaaaaaaaaaaaaaaaaaaaaaaaaaaaaaaaaaaaaaaaaaaaaaaaaaaaaaaaaaaaaaaaaaaaaaaaaaaaaaaaaaaaaaaaaaaaaaaaaaaaaaaaaaaaaaaaaaaaaaaaaaaaaaaaaaaaaaaaaaaaaaaaaaaaaaaaaaa
objective-35,2022/04/03 00:00,Title 1,This is a description,LOW,true,2022/11/11 10:35,2022/12/09 08:00,https://fillerURL.com/254characters/maxLength/aaaaaaaaaaaaaaaaaaaaaaaaaaaaaaaaaaaaaaaaaaaaaaaaaaaaaaaaaaaaaaaaaaaaaaaaaaaaaaaaaaaaaaaaaaaaaaaaaaaaaaaaaaaaaaaaaaaaaaaaaaaaaaaaaaaaaaaaaaaaaaaaaaaaaaaaaaaaaaaaaaaaaaaaaaaaaaaaaaaaaaaaaaaaaaaaaaaaaaaaaaaaaaaa
objective-36,2022/04/03 00:00,Title 1,This is a description,LOW,true,2022/11/11 10:35,2022/12/09 08:00,http://example.com/record#section-1
objective-37,2022/04/03 00:00,Title 1,This is a description,LOW,true,2022/11/11 10:35,2022/12/09 08:00,https://link1.com/?
objective-38,2022/04/03 00:00,Title 1,This is a description,LOW,true,2022/11/11 10:35,2022/12/09 08:00,https://link1.com/?A