key,reference,identificationDate,impact,probability,description,link
risk-01,R-000,2012/12/12 00:00,33.0,0.800,Checking reference,https://link1.com
risk-02,R-999,2012/12/12 00:00,33.0,0.800,Checking reference,https://link1.com
risk-03,R-003,2012/12/12 00:00,33.0,0.800,Checking reference,https://link1.com
risk-04,R-004,2012/12/12 12:12,33.0,0.800,Checking identificationDate,https://link1.com
risk-05,R-005,2000/01/01 00:00,33.0,0.800,Checking identificationDate,https://link1.com
risk-06,R-006,2012/12/12 00:00,0.001,0.800,Checking impact,https://link1.com
risk-07,R-007,2012/12/12 00:00,1.0,0.800,Checking impact,https://link1.com
risk-08,R-008,2012/12/12 00:00,500000.000,0.800,Checking impact,https://link1.com
risk-09,R-009,2012/12/12 00:00,999998.999,0.800,Checking impact,https://link1.com
risk-10,R-010,2012/12/12 00:00,999999.999,0.800,Checking impact,https://link1.com
risk-11,R-011,2012/12/12 00:00,33.0,0.0,Checking probability,https://link1.com
risk-12,R-012,2012/12/12 00:00,33.0,0.001,Checking probability,https://link1.com
risk-13,R-013,2012/12/12 00:00,33.0,0.5,Checking probability,https://link1.com
risk-14,R-014,2012/12/12 00:00,33.0,0.999,Checking probability,https://link1.com
risk-15,R-015,2012/12/12 00:00,33.0,1.0,Checking probability,https://link1.com
risk-16,R-016,2012/12/12 00:00,33.0,1.0,貸んい建濯よ芝弾テソ,https://link1.com
risk-17,R-017,2012/12/12 00:00,33.0,1.0,Λορεμ ιπσθμ δολορ σιτ αμετ,https://link1.com
risk-18,R-018,2012/12/12 00:00,33.0,1.0,коза коза,https://link1.com
risk-19,R-019,2012/12/12 00:00,33.0,1.0,Checking link,null
risk-20,R-020,2012/12/12 00:00,33.0,1.0,Checking link,https://fillerURL.com/255characters/maxLength/aaaaaaaaaaaaaaaaaaaaaaaaaaaaaaaaaaaaaaaaaaaaaaaaaaaaaaaaaaaaaaaaaaaaaaaaaaaaaaaaaaaaaaaaaaaaaaaaaaaaaaaaaaaaaaaaaaaaaaaaaaaaaaaaaaaaaaaaaaaaaaaaaaaaaaaaaaaaaaaaaaaaaaaaaaaaaaaaaaaaaaaaaaaaaaaaaaaaaaaaaaaaaaaaa
